id,cliente_id,nome_cliente,valor,data_vencimento,status
1,499,João Silva,315.77,2024-07-15,PENDENTE
2,625,Rafael Teixeira,298.47,2024-06-13,VENCIDA
3,620,Carlos Lima,3541.23,2025-01-08,PENDENTE
4,737,Bruno Ribeiro,1593.7,2024-09-06,PAGA
5,358,Ana Costa,4130.59,2024-04-23,VENCIDA
6,603,Bruno Ribeiro,3392.12,2025-01-28,PENDENTE
7,910,Bruno Ribeiro,3317.93,2024-01-28,VENCIDA
8,860,Juliana Freitas,1313.52,2024-05-09,VENCIDA
9,694,Rafael Teixeira,2669.31,2024-03-15,VENCIDA
10,153,Carlos Lima,2831.47,2024-02-12,PENDENTE
11,101,Lucas Alves,4453.9,2024-02-12,PAGA
12,954,Maria Souza,2623.81,2024-01-08,VENCIDA
13,876,Pedro Santos,1624.52,2025-03-06,VENCIDA
14,670,Maria Souza,1320.18,2025-01-13,PAGA
15,480,Rafael Teixeira,1281.95,2024-06-13,PENDENTE
16,165,Marina Rocha,3345.79,2024-07-28,PENDENTE
17,358,João Silva,704.78,2025-02-11,PENDENTE
18,587,Lucas Alves,342.24,2024-09-23,PAGA
19,918,Ana Costa,377.7,2024-02-07,VENCIDA
20,127,Bruno Ribeiro,2204.36,2025-01-01,PAGA
21,861,Rafael Teixeira,4187.83,2024-11-19,PAGA
22,798,João Silva,2177.6,2024-03-06,VENCIDA
23,238,João Silva,2845.22,2024-09-29,VENCIDA
24,759,Maria Souza,1658.53,2024-08-20,PAGA
25,445,Carlos Lima,1934.17,2024-12-04,PAGA
26,687,Bruno Ribeiro,3698.85,2024-01-19,PENDENTE
27,326,Carlos Lima,1842.62,2024-02-11,PENDENTE
28,314,Juliana Freitas,2105.75,2024-10-16,PAGA
29,421,Juliana Freitas,1440.32,2024-12-17,PENDENTE
30,608,Lucas Alves,4318.87,2024-07-24,VENCIDA
31,459,Pedro Santos,266.47,2024-03-07,PENDENTE
32,846,Lucas Alves,4049.39,2024-01-16,VENCIDA
33,149,Pedro Santos,2564.13,2024-07-02,PENDENTE
34,750,Rafael Teixeira,3984.7,2025-02-06,PAGA
35,354,Juliana Freitas,209.17,2024-11-08,VENCIDA
36,651,Maria Souza,3374.62,2024-01-03,VENCIDA
37,874,Maria Souza,2768.47,2024-11-13,PAGA
38,243,João Silva,258.23,2024-12-07,PENDENTE
39,171,Pedro Santos,3023.33,2024-07-03,VENCIDA
40,463,Maria Souza,4027.56,2024-07-21,PAGA
41,453,Maria Souza,4121.44,2024-07-26,PAGA
42,394,Ana Costa,4858.38,2025-04-16,PAGA
43,103,Juliana Freitas,2786.12,2024-04-14,VENCIDA
44,743,João Silva,782.93,2024-03-27,VENCIDA
45,340,Pedro Santos,2457.29,2024-12-26,PAGA
46,822,João Silva,4799.81,2024-08-07,PAGA
47,718,Pedro Santos,1605.73,2024-10-06,VENCIDA
48,451,Maria Souza,2649.26,2024-10-21,PENDENTE
49,546,Pedro Santos,4730.77,2024-06-16,PAGA
50,450,Lucas Alves,3198.2,2024-12-21,PENDENTE
51,439,Maria Souza,4480.38,2025-04-18,VENCIDA
52,176,Rafael Teixeira,4065.0,2024-07-04,VENCIDA
53,328,Carlos Lima,4335.73,2024-07-23,VENCIDA
54,514,Carlos Lima,3297.14,2024-08-13,VENCIDA
55,329,Lucas Alves,2057.41,2024-01-10,PAGA
56,791,Maria Souza,3684.01,2024-11-19,PAGA
57,337,Ana Costa,734.94,2024-12-17,VENCIDA
58,567,João Silva,4594.13,2024-10-19,PENDENTE
59,400,Lucas Alves,1624.95,2025-04-25,PAGA
60,626,Ana Costa,2676.24,2024-01-20,PAGA
61,351,Pedro Santos,2277.43,2024-04-07,VENCIDA
62,652,Maria Souza,1525.47,2024-01-16,PAGA
63,934,Pedro Santos,2647.36,2024-06-07,VENCIDA
64,381,Rafael Teixeira,3972.94,2024-08-03,PAGA
65,642,Juliana Freitas,1664.25,2024-03-26,PAGA
66,217,Ana Costa,4377.77,2024-02-19,PAGA
67,406,Carlos Lima,3699.19,2025-03-24,VENCIDA
68,288,Maria Souza,3987.22,2024-02-09,PENDENTE
69,706,Carlos Lima,1633.87,2024-06-18,PENDENTE
70,331,Pedro Santos,1775.24,2024-07-12,PAGA
71,368,Pedro Santos,909.19,2025-05-06,PENDENTE
72,478,Lucas Alves,125.81,2025-03-28,PENDENTE
73,891,João Silva,407.03,2024-11-04,VENCIDA
74,683,Carlos Lima,2470.36,2025-05-11,VENCIDA
75,736,Maria Souza,4361.88,2024-12-28,PAGA
76,211,Pedro Santos,4120.11,2024-08-25,VENCIDA
77,182,Carlos Lima,4811.1,2024-12-26,PENDENTE
78,293,Lucas Alves,1937.11,2024-07-15,PAGA
79,936,Bruno Ribeiro,1277.66,2025-03-19,VENCIDA
80,941,Maria Souza,2643.12,2024-04-09,PENDENTE
81,112,Lucas Alves,3199.06,2025-01-09,PENDENTE
82,105,Rafael Teixeira,3560.33,2024-11-04,VENCIDA
83,750,Ana Costa,1688.44,2025-05-07,PAGA
84,402,Marina Rocha,4050.21,2024-09-09,VENCIDA
85,129,Lucas Alves,2414.6,2024-09-04,PAGA
86,202,Marina Rocha,1858.77,2025-02-26,PENDENTE
87,523,Juliana Freitas,1921.32,2024-12-27,PAGA
88,474,Juliana Freitas,574.95,2024-02-28,PAGA
89,983,Ana Costa,2463.88,2024-06-17,VENCIDA
90,439,João Silva,4006.23,2024-01-03,VENCIDA
91,400,Pedro Santos,624.13,2024-05-12,VENCIDA
92,981,Ana Costa,2668.52,2024-01-29,VENCIDA
93,475,João Silva,482.58,2024-07-02,VENCIDA
94,472,Lucas Alves,3741.33,2025-05-13,VENCIDA
95,366,Ana Costa,395.82,2024-10-10,PENDENTE
96,995,Ana Costa,2898.16,2024-12-30,PENDENTE
97,238,Juliana Freitas,237.83,2024-10-26,PAGA
98,473,Bruno Ribeiro,209.1,2024-12-21,VENCIDA
99,140,Rafael Teixeira,1475.16,2024-08-02,PAGA
100,325,Rafael Teixeira,3332.92,2024-01-27,PENDENTE
101,183,Marina Rocha,2291.87,2025-01-27,PENDENTE
102,580,Carlos Lima,1654.86,2025-04-08,PAGA
103,292,Lucas Alves,4267.87,2024-12-08,VENCIDA
104,703,Maria Souza,1236.73,2024-12-08,PAGA
105,384,Bruno Ribeiro,1997.64,2024-01-16,PENDENTE
106,995,Juliana Freitas,4486.39,2024-12-29,PAGA
107,328,Marina Rocha,4797.28,2024-11-27,VENCIDA
108,210,Ana Costa,4497.27,2024-06-29,VENCIDA
109,849,Bruno Ribeiro,1786.73,2025-03-05,PENDENTE
110,568,Rafael Teixeira,4033.33,2024-01-22,PENDENTE
111,486,Lucas Alves,795.76,2024-10-10,PENDENTE
112,172,Juliana Freitas,3915.97,2025-03-22,PAGA
113,998,Ana Costa,3566.77,2024-02-07,PAGA
114,316,Carlos Lima,4636.07,2025-04-29,VENCIDA
115,395,João Silva,572.69,2025-04-12,VENCIDA
116,728,Pedro Santos,3348.33,2024-02-24,PENDENTE
117,941,Bruno Ribeiro,4548.91,2024-08-13,PAGA
118,406,João Silva,4245.82,2024-07-30,PAGA
119,928,Ana Costa,3834.46,2024-05-14,VENCIDA
120,484,Juliana Freitas,519.66,2024-11-02,PENDENTE
121,919,Pedro Santos,501.35,2025-01-04,VENCIDA
122,651,Bruno Ribeiro,4749.46,2024-11-20,VENCIDA
123,963,Ana Costa,3982.2,2025-05-08,PENDENTE
124,519,Rafael Teixeira,2025.76,2024-07-14,VENCIDA
125,707,Marina Rocha,3433.39,2024-06-19,PENDENTE
126,702,Lucas Alves,3553.11,2024-09-08,PENDENTE
127,811,Rafael Teixeira,367.17,2024-11-24,VENCIDA
128,799,Bruno Ribeiro,4661.35,2024-02-14,VENCIDA
129,166,Juliana Freitas,4727.13,2024-12-08,VENCIDA
130,577,João Silva,1967.97,2024-07-01,VENCIDA
131,939,Marina Rocha,2461.65,2024-09-16,VENCIDA
132,315,Lucas Alves,1441.56,2025-02-20,PAGA
133,804,Juliana Freitas,2186.23,2024-05-26,VENCIDA
134,275,Lucas Alves,2975.22,2024-01-16,VENCIDA
135,532,Marina Rocha,742.03,2025-02-04,VENCIDA
136,381,Juliana Freitas,598.82,2025-05-04,PENDENTE
137,101,Carlos Lima,475.77,2025-02-22,PENDENTE
138,670,Carlos Lima,1747.74,2025-04-03,PAGA
139,783,Marina Rocha,941.32,2024-05-27,PAGA
140,607,João Silva,1300.36,2024-07-16,PAGA
141,886,Maria Souza,2810.02,2024-09-19,PAGA
142,410,Carlos Lima,3176.5,2024-10-14,VENCIDA
143,421,Juliana Freitas,3758.18,2024-11-04,PENDENTE
144,663,Pedro Santos,2201.91,2024-05-04,PENDENTE
145,644,Juliana Freitas,4634.93,2024-05-03,PENDENTE
146,887,Rafael Teixeira,1552.75,2025-03-07,PENDENTE
147,790,Maria Souza,4687.86,2024-04-16,VENCIDA
148,839,Carlos Lima,1615.73,2024-10-26,VENCIDA
149,309,Ana Costa,3679.6,2024-11-24,VENCIDA
150,469,Marina Rocha,3133.63,2024-08-23,PENDENTE
151,923,Bruno Ribeiro,195.8,2024-05-18,PENDENTE
152,480,Pedro Santos,1755.76,2025-02-21,PENDENTE
153,254,João Silva,4229.05,2025-01-15,VENCIDA
154,926,Carlos Lima,355.19,2024-06-24,VENCIDA
155,847,Juliana Freitas,1610.89,2025-02-02,PENDENTE
156,142,Carlos Lima,1225.6,2024-05-26,PAGA
157,121,Carlos Lima,413.98,2024-09-07,VENCIDA
158,424,Maria Souza,409.56,2024-06-08,PENDENTE
159,154,Marina Rocha,290.9,2025-02-20,PAGA
160,804,Maria Souza,938.26,2024-12-26,VENCIDA
161,637,João Silva,117.16,2024-10-14,VENCIDA
162,552,Marina Rocha,4465.4,2024-12-29,VENCIDA
163,627,Marina Rocha,835.8,2024-11-09,VENCIDA
164,220,Pedro Santos,2029.6,2024-05-04,PAGA
165,739,Maria Souza,3215.37,2024-03-11,VENCIDA
166,991,Carlos Lima,4897.25,2025-04-27,VENCIDA
167,138,Juliana Freitas,3855.74,2024-01-23,VENCIDA
168,979,Lucas Alves,3847.12,2024-01-23,VENCIDA
169,587,João Silva,4480.22,2025-04-02,VENCIDA
170,369,Rafael Teixeira,4432.92,2024-04-24,PAGA
171,794,Ana Costa,911.29,2024-11-11,VENCIDA
172,646,João Silva,4294.8,2024-11-18,PAGA
173,636,Juliana Freitas,1124.75,2024-07-24,VENCIDA
174,903,Maria Souza,2963.35,2024-05-06,PENDENTE
175,294,Pedro Santos,2391.76,2024-03-12,PAGA
176,396,Maria Souza,4457.66,2024-04-27,PAGA
177,779,João Silva,939.22,2025-04-02,PAGA
178,559,Rafael Teixeira,3542.18,2024-05-13,PENDENTE
179,622,Maria Souza,553.91,2024-10-09,VENCIDA
180,110,Marina Rocha,3714.19,2024-10-08,VENCIDA
181,405,Rafael Teixeira,1215.29,2024-07-13,PENDENTE
182,751,Ana Costa,883.91,2025-03-23,PAGA
183,755,João Silva,2535.56,2024-10-24,PAGA
184,800,Bruno Ribeiro,1297.11,2024-03-13,VENCIDA
185,499,Ana Costa,1968.22,2025-01-06,VENCIDA
186,618,Rafael Teixeira,2433.1,2024-01-21,VENCIDA
187,949,Maria Souza,2204.38,2025-01-10,VENCIDA
188,576,Lucas Alves,2610.23,2025-05-07,PENDENTE
189,903,Lucas Alves,3220.22,2024-12-17,VENCIDA
190,792,Lucas Alves,3988.15,2025-01-11,VENCIDA
191,202,Pedro Santos,987.41,2025-01-22,PENDENTE
192,596,Juliana Freitas,3913.67,2024-07-15,VENCIDA
193,624,Maria Souza,4927.88,2024-08-03,PENDENTE
194,807,Lucas Alves,2971.79,2025-04-05,VENCIDA
195,193,Juliana Freitas,2824.47,2024-01-28,PENDENTE
196,874,Carlos Lima,2407.07,2025-04-27,PAGA
197,546,Pedro Santos,1926.42,2024-10-26,VENCIDA
198,740,Rafael Teixeira,3027.42,2025-05-05,VENCIDA
199,190,João Silva,514.34,2024-05-01,VENCIDA
200,130,Maria Souza,2671.03,2025-01-11,VENCIDA
201,479,Pedro Santos,2368.42,2024-03-07,PAGA
202,395,Lucas Alves,966.14,2024-01-11,VENCIDA
203,392,Carlos Lima,1470.22,2024-07-29,VENCIDA
204,785,Carlos Lima,3385.78,2024-05-25,VENCIDA
205,494,Rafael Teixeira,650.21,2024-02-07,PENDENTE
206,873,Pedro Santos,1413.86,2025-05-07,PAGA
207,517,Maria Souza,1415.15,2024-03-24,PAGA
208,872,Pedro Santos,3760.7,2024-05-04,PENDENTE
209,821,Pedro Santos,4929.53,2024-05-16,PAGA
210,420,Carlos Lima,2297.45,2024-01-19,VENCIDA
211,504,Lucas Alves,3584.51,2024-01-09,PENDENTE
212,349,Carlos Lima,1799.61,2025-01-09,VENCIDA
213,449,Pedro Santos,4945.51,2025-03-21,VENCIDA
214,506,Juliana Freitas,1644.68,2025-02-24,VENCIDA
215,895,Pedro Santos,2133.93,2024-02-12,PENDENTE
216,597,João Silva,1447.22,2024-12-13,VENCIDA
217,609,Lucas Alves,2792.8,2024-05-04,PENDENTE
218,867,Carlos Lima,4283.47,2025-01-19,PAGA
219,876,João Silva,1888.52,2024-06-03,PENDENTE
220,654,Carlos Lima,1004.63,2024-04-12,VENCIDA
221,394,Carlos Lima,3111.66,2025-01-23,PAGA
222,849,Carlos Lima,1548.36,2025-04-09,PAGA
223,921,Lucas Alves,1486.74,2025-05-12,VENCIDA
224,838,Ana Costa,4502.55,2024-05-27,PAGA
225,545,Carlos Lima,3884.13,2024-10-29,PAGA
226,290,João Silva,4885.78,2025-02-17,PAGA
227,892,Maria Souza,115.08,2024-08-01,VENCIDA
228,674,Ana Costa,330.73,2024-01-20,VENCIDA
229,379,Maria Souza,1942.12,2024-01-31,VENCIDA
230,819,Bruno Ribeiro,1882.9,2024-03-20,PENDENTE
231,874,Ana Costa,2315.12,2024-09-13,PENDENTE
232,445,Rafael Teixeira,1761.74,2024-04-20,VENCIDA
233,514,Lucas Alves,2316.74,2024-04-19,PENDENTE
234,338,Bruno Ribeiro,4722.38,2025-02-16,VENCIDA
235,398,Lucas Alves,3060.77,2024-09-10,PENDENTE
236,994,Marina Rocha,3401.89,2024-03-05,PENDENTE
237,244,Carlos Lima,224.12,2024-10-18,PENDENTE
238,317,Rafael Teixeira,4516.69,2025-02-06,PAGA
239,962,Rafael Teixeira,3217.6,2024-04-13,VENCIDA
240,121,Lucas Alves,2523.11,2024-04-04,PAGA
241,702,Ana Costa,4476.31,2025-03-13,VENCIDA
242,969,Lucas Alves,628.44,2024-02-21,PAGA
243,934,Maria Souza,1150.49,2024-06-28,PAGA
244,634,Pedro Santos,4611.26,2025-01-18,PAGA
245,551,Juliana Freitas,4918.45,2024-12-05,PAGA
246,407,Carlos Lima,4913.84,2024-11-05,PENDENTE
247,903,Ana Costa,1462.71,2025-02-28,PENDENTE
248,741,Bruno Ribeiro,2899.16,2024-06-21,VENCIDA
249,921,Lucas Alves,3139.84,2024-11-05,VENCIDA
250,480,Maria Souza,4296.78,2024-02-19,PAGA
251,698,Maria Souza,3774.63,2024-07-09,VENCIDA
252,435,Juliana Freitas,3776.84,2024-02-06,PAGA
253,102,João Silva,2787.15,2024-10-14,VENCIDA
254,398,Rafael Teixeira,3783.6,2024-03-23,VENCIDA
255,183,Carlos Lima,2030.42,2025-03-12,PAGA
256,176,João Silva,362.03,2024-05-12,PENDENTE
257,153,João Silva,3414.59,2024-04-13,PENDENTE
258,137,Rafael Teixeira,2000.86,2024-06-19,PENDENTE
259,797,Ana Costa,1889.73,2025-04-11,VENCIDA
260,768,João Silva,1609.18,2024-09-14,PENDENTE
261,886,Ana Costa,1850.23,2024-02-29,VENCIDA
262,985,Juliana Freitas,736.56,2025-04-18,VENCIDA
263,959,Carlos Lima,3417.66,2024-03-04,PAGA
264,299,Marina Rocha,534.53,2025-05-09,PENDENTE
265,509,João Silva,932.14,2024-07-26,VENCIDA
266,270,Bruno Ribeiro,2973.15,2024-01-27,PENDENTE
267,415,Maria Souza,4017.57,2024-11-01,PAGA
268,699,Juliana Freitas,3791.79,2024-04-04,PENDENTE
269,555,Juliana Freitas,2972.98,2024-01-05,PAGA
270,597,Ana Costa,1516.87,2025-04-10,PENDENTE
271,412,Juliana Freitas,3698.44,2024-07-22,VENCIDA
272,117,Carlos Lima,227.55,2024-12-03,PENDENTE
273,954,João Silva,1566.27,2024-04-14,PAGA
274,575,Maria Souza,648.53,2024-07-21,PAGA
275,959,Juliana Freitas,3897.59,2025-01-04,VENCIDA
276,339,Ana Costa,3180.98,2024-02-02,VENCIDA
277,120,Marina Rocha,1089.11,2024-06-04,VENCIDA
278,300,Bruno Ribeiro,3142.2,2025-02-23,VENCIDA
279,176,Marina Rocha,3200.85,2024-09-29,VENCIDA
280,630,Juliana Freitas,1659.0,2024-04-28,VENCIDA
281,920,Lucas Alves,4751.08,2024-05-10,PAGA
282,268,João Silva,2544.67,2024-02-04,VENCIDA
283,367,Pedro Santos,2608.7,2025-01-20,PENDENTE
284,256,Ana Costa,4497.6,2024-01-13,PENDENTE
285,348,Juliana Freitas,2790.75,2025-03-21,VENCIDA
286,566,Bruno Ribeiro,1251.23,2024-12-18,PAGA
287,868,Marina Rocha,2590.3,2025-01-01,VENCIDA
288,231,Lucas Alves,1289.89,2024-12-15,PENDENTE
289,796,Rafael Teixeira,3400.12,2024-02-16,PAGA
290,285,Lucas Alves,2539.46,2024-10-09,PAGA
291,950,Lucas Alves,3298.29,2024-06-21,VENCIDA
292,942,Rafael Teixeira,1448.83,2025-02-02,PAGA
293,433,João Silva,2298.32,2025-03-31,PENDENTE
294,806,Maria Souza,1648.11,2025-04-30,PAGA
295,795,Juliana Freitas,4115.1,2024-04-03,PENDENTE
296,856,Lucas Alves,305.14,2024-11-17,PENDENTE
297,918,João Silva,639.21,2025-04-25,PENDENTE
298,512,Marina Rocha,4387.54,2025-03-30,VENCIDA
299,509,Carlos Lima,2966.16,2024-09-23,VENCIDA
300,905,Pedro Santos,683.88,2024-07-08,PAGA
301,270,Maria Souza,4167.13,2024-02-02,PENDENTE
302,808,Pedro Santos,4735.88,2025-04-25,PENDENTE
303,179,Maria Souza,634.68,2025-04-05,VENCIDA
304,405,Pedro Santos,2240.51,2025-03-02,PAGA
305,900,Juliana Freitas,3238.1,2024-04-08,VENCIDA
306,421,João Silva,2145.05,2025-02-08,VENCIDA
307,384,Carlos Lima,809.24,2025-01-28,PAGA
308,257,Lucas Alves,2858.56,2024-03-30,PAGA
309,899,João Silva,4096.63,2025-03-07,PENDENTE
310,599,Pedro Santos,4418.54,2025-01-10,VENCIDA
311,990,Rafael Teixeira,4589.72,2025-04-04,PAGA
312,473,Bruno Ribeiro,1163.34,2024-09-15,PENDENTE
313,605,Pedro Santos,1689.1,2024-11-29,PAGA
314,680,Juliana Freitas,1234.62,2024-06-28,PENDENTE
315,598,Carlos Lima,1562.1,2024-08-11,VENCIDA
316,729,Pedro Santos,1151.26,2024-03-02,VENCIDA
317,248,Lucas Alves,2204.15,2025-03-30,VENCIDA
318,941,Marina Rocha,4459.54,2024-01-30,PAGA
319,223,Juliana Freitas,2250.92,2025-01-01,PENDENTE
320,270,Marina Rocha,4461.18,2025-04-23,PAGA
321,607,Ana Costa,3285.7,2025-01-31,PAGA
322,603,Rafael Teixeira,2777.49,2024-08-27,VENCIDA
323,937,Lucas Alves,2176.72,2024-06-25,PENDENTE
324,520,Carlos Lima,463.92,2025-02-17,VENCIDA
325,161,Lucas Alves,4884.74,2025-01-24,PAGA
326,761,Marina Rocha,1349.65,2024-05-13,PENDENTE
327,439,Lucas Alves,1712.06,2024-12-09,PAGA
328,255,Bruno Ribeiro,4473.5,2024-11-16,PAGA
329,546,Lucas Alves,3526.25,2024-05-21,VENCIDA
330,806,Juliana Freitas,3071.36,2024-10-11,PENDENTE
331,102,Pedro Santos,4892.83,2024-06-27,VENCIDA
332,250,Carlos Lima,2246.85,2024-04-19,PENDENTE
333,906,Maria Souza,270.41,2024-02-26,VENCIDA
334,974,Lucas Alves,1207.12,2025-02-04,VENCIDA
335,603,Marina Rocha,828.57,2025-04-24,PENDENTE
336,706,João Silva,2736.79,2024-08-16,PAGA
337,296,Marina Rocha,153.51,2025-05-10,PENDENTE
338,940,João Silva,3190.23,2025-05-07,VENCIDA
339,482,Lucas Alves,4759.59,2025-04-09,PAGA
340,452,Maria Souza,4758.72,2024-11-02,PENDENTE
341,881,Lucas Alves,117.79,2024-03-30,VENCIDA
342,400,João Silva,1513.28,2025-02-22,VENCIDA
343,504,Pedro Santos,4239.22,2024-09-02,PAGA
344,219,Marina Rocha,3708.64,2024-01-15,PAGA
345,880,Marina Rocha,1507.61,2024-02-18,PENDENTE
346,538,Bruno Ribeiro,1530.37,2025-03-14,VENCIDA
347,736,Lucas Alves,1900.96,2024-08-12,VENCIDA
348,556,Pedro Santos,2694.84,2024-05-19,VENCIDA
349,475,Maria Souza,3898.59,2025-04-18,VENCIDA
350,445,Pedro Santos,4415.46,2024-08-25,PAGA
351,432,Juliana Freitas,746.83,2025-05-02,PENDENTE
352,570,Rafael Teixeira,1588.61,2024-11-18,PAGA
353,520,Carlos Lima,1715.43,2024-03-28,PAGA
354,707,Ana Costa,3039.13,2024-09-13,PAGA
355,471,Pedro Santos,837.42,2025-05-15,PAGA
356,828,Carlos Lima,776.32,2025-01-17,VENCIDA
357,470,Bruno Ribeiro,3194.29,2024-09-21,PAGA
358,240,Rafael Teixeira,3910.27,2024-08-01,PAGA
359,249,Juliana Freitas,3993.8,2025-03-06,PAGA
360,905,Maria Souza,1706.6,2024-09-19,VENCIDA
361,323,João Silva,2156.65,2024-06-09,PAGA
362,578,Pedro Santos,4881.1,2024-12-26,PAGA
363,884,Marina Rocha,3807.87,2024-09-11,VENCIDA
364,583,Carlos Lima,504.54,2025-02-01,VENCIDA
365,615,Juliana Freitas,337.7,2024-11-03,VENCIDA
366,241,Lucas Alves,2119.33,2025-02-12,VENCIDA
367,718,Rafael Teixeira,473.16,2024-10-01,VENCIDA
368,531,Pedro Santos,3612.73,2024-05-06,VENCIDA
369,607,Carlos Lima,1019.74,2025-03-19,PENDENTE
370,531,Carlos Lima,2315.04,2024-12-06,VENCIDA
371,800,João Silva,4558.22,2025-03-05,PAGA
372,225,Marina Rocha,2126.08,2025-01-08,PENDENTE
373,344,Ana Costa,2932.29,2024-12-04,PENDENTE
374,758,Ana Costa,2451.99,2024-10-10,PENDENTE
375,129,Pedro Santos,2521.8,2024-03-26,PENDENTE
376,305,Rafael Teixeira,244.64,2024-12-10,PAGA
377,139,Lucas Alves,3513.3,2024-05-30,PENDENTE
378,971,Maria Souza,471.73,2024-07-17,PAGA
379,175,Ana Costa,2104.85,2024-04-26,PENDENTE
380,580,Maria Souza,3841.19,2024-09-17,VENCIDA
381,649,Maria Souza,4586.86,2024-10-04,VENCIDA
382,616,Lucas Alves,1117.35,2024-01-13,PENDENTE
383,649,João Silva,2287.61,2024-04-18,PENDENTE
384,239,Marina Rocha,4321.09,2025-04-02,PAGA
385,846,Marina Rocha,2244.47,2024-01-30,VENCIDA
386,252,Carlos Lima,4732.05,2024-07-16,PAGA
387,165,Carlos Lima,3384.84,2024-12-14,PENDENTE
388,225,Ana Costa,3337.83,2024-07-29,VENCIDA
389,415,Pedro Santos,4343.15,2024-04-05,VENCIDA
390,310,Ana Costa,4054.31,2024-11-27,PAGA
391,150,Carlos Lima,1231.17,2025-03-04,VENCIDA
392,199,Lucas Alves,2427.37,2024-11-21,PENDENTE
393,924,João Silva,571.21,2024-02-23,PAGA
394,296,Marina Rocha,419.6,2024-08-21,VENCIDA
395,273,Rafael Teixeira,3734.31,2025-04-07,PENDENTE
396,317,Juliana Freitas,2832.45,2024-12-29,PENDENTE
397,973,Juliana Freitas,447.42,2025-01-08,PENDENTE
398,644,Rafael Teixeira,1162.99,2024-10-31,PAGA
399,582,Maria Souza,4198.8,2024-04-18,PAGA
400,470,Bruno Ribeiro,3362.11,2025-02-02,PENDENTE
401,909,Bruno Ribeiro,620.87,2024-01-15,PENDENTE
402,787,Marina Rocha,2182.75,2025-03-24,VENCIDA
403,788,Pedro Santos,1710.79,2025-02-17,PAGA
404,780,Lucas Alves,3179.47,2024-06-29,PENDENTE
405,249,Lucas Alves,3712.01,2025-04-10,PENDENTE
406,998,Ana Costa,1174.89,2024-10-12,PENDENTE
407,820,Maria Souza,425.56,2024-06-26,PAGA
408,896,Rafael Teixeira,4659.54,2024-02-12,PAGA
409,513,João Silva,343.65,2024-04-04,VENCIDA
410,412,Juliana Freitas,1950.11,2024-01-28,PENDENTE
411,455,João Silva,4042.33,2024-03-30,PENDENTE
412,383,João Silva,4778.51,2024-08-15,VENCIDA
413,289,Bruno Ribeiro,2710.5,2024-09-24,VENCIDA
414,786,Pedro Santos,1726.89,2024-05-29,PENDENTE
415,961,João Silva,481.55,2024-02-16,VENCIDA
416,981,Lucas Alves,4951.53,2024-11-30,PAGA
417,769,Bruno Ribeiro,3143.33,2025-01-20,VENCIDA
418,683,Juliana Freitas,394.3,2025-04-08,PAGA
419,118,Rafael Teixeira,2981.56,2024-08-15,VENCIDA
420,663,João Silva,1977.97,2024-05-19,PAGA
421,980,Juliana Freitas,4493.99,2024-04-05,PENDENTE
422,230,Pedro Santos,3007.73,2024-06-17,VENCIDA
423,291,Carlos Lima,2470.55,2024-03-25,VENCIDA
424,175,Lucas Alves,2699.53,2024-04-07,PAGA
425,549,Maria Souza,2579.25,2024-09-10,VENCIDA
426,810,Ana Costa,2243.71,2024-11-28,PAGA
427,151,Maria Souza,2825.79,2025-05-11,VENCIDA
428,179,Carlos Lima,287.2,2024-10-23,VENCIDA
429,442,Marina Rocha,2701.19,2024-11-16,VENCIDA
430,154,Maria Souza,1133.17,2024-11-03,PENDENTE
431,860,Carlos Lima,4240.36,2024-07-11,PAGA
432,301,João Silva,1721.85,2025-02-14,PENDENTE
433,437,Ana Costa,2661.97,2024-08-18,VENCIDA
434,564,Maria Souza,3931.45,2024-02-24,PAGA
435,361,João Silva,1568.69,2025-02-05,VENCIDA
436,818,Ana Costa,3157.28,2025-03-15,PENDENTE
437,743,Carlos Lima,4819.96,2025-02-18,PENDENTE
438,855,Rafael Teixeira,897.22,2024-02-26,PAGA
439,764,Juliana Freitas,3107.85,2024-07-17,PAGA
440,165,Rafael Teixeira,4345.96,2024-10-13,PAGA
441,317,Bruno Ribeiro,3466.11,2024-06-13,PENDENTE
442,376,Pedro Santos,2377.73,2024-08-02,VENCIDA
443,365,Maria Souza,627.91,2024-11-27,PENDENTE
444,405,Rafael Teixeira,1353.37,2024-10-23,VENCIDA
445,876,Ana Costa,861.05,2024-08-07,VENCIDA
446,941,João Silva,3686.17,2024-12-18,PAGA
447,901,Lucas Alves,4009.48,2025-02-24,PAGA
448,521,Rafael Teixeira,319.42,2024-11-01,PAGA
449,213,João Silva,589.02,2025-04-26,VENCIDA
450,884,Maria Souza,3562.78,2025-04-26,PAGA
451,133,Marina Rocha,2091.03,2024-05-14,PENDENTE
452,100,Carlos Lima,3770.13,2025-01-02,PENDENTE
453,939,Pedro Santos,3923.97,2025-02-05,PENDENTE
454,189,Pedro Santos,692.95,2024-06-16,PAGA
455,113,Maria Souza,4349.88,2024-01-22,VENCIDA
456,212,João Silva,1959.84,2024-11-10,PAGA
457,181,Ana Costa,4493.23,2024-11-12,PENDENTE
458,746,Lucas Alves,3918.75,2024-09-04,PENDENTE
459,425,Ana Costa,2599.55,2024-04-10,PENDENTE
460,473,Pedro Santos,3550.85,2024-07-08,PAGA
461,172,Rafael Teixeira,270.62,2025-01-21,VENCIDA
462,222,João Silva,1492.43,2025-02-01,PENDENTE
463,206,Marina Rocha,2391.01,2024-03-06,PAGA
464,396,Ana Costa,3611.77,2024-03-21,VENCIDA
465,584,Rafael Teixeira,1489.52,2024-05-07,PAGA
466,600,Juliana Freitas,3729.38,2024-08-02,VENCIDA
467,144,Rafael Teixeira,506.22,2024-05-17,PENDENTE
468,591,Rafael Teixeira,2232.67,2025-02-05,PAGA
469,740,Juliana Freitas,2861.31,2025-03-17,PENDENTE
470,813,Bruno Ribeiro,3677.73,2025-04-05,VENCIDA
471,492,Juliana Freitas,466.56,2024-12-30,PENDENTE
472,201,Maria Souza,4122.12,2024-05-27,PENDENTE
473,900,Ana Costa,605.94,2024-03-29,PAGA
474,576,Carlos Lima,4901.71,2025-05-05,VENCIDA
475,725,Maria Souza,3063.31,2024-02-26,VENCIDA
476,224,Marina Rocha,3568.27,2024-01-16,PAGA
477,122,Lucas Alves,3298.09,2024-06-26,PENDENTE
478,481,Carlos Lima,3055.63,2024-11-16,VENCIDA
479,122,Lucas Alves,133.31,2025-03-13,PAGA
480,394,Ana Costa,2414.06,2024-03-18,PAGA
481,635,Marina Rocha,4362.91,2025-03-13,VENCIDA
482,484,Ana Costa,2343.14,2025-05-14,PENDENTE
483,876,Marina Rocha,3401.7,2024-01-25,VENCIDA
484,649,Marina Rocha,3977.4,2025-02-27,PENDENTE
485,636,Lucas Alves,1564.16,2024-06-19,PAGA
486,120,Bruno Ribeiro,2171.74,2024-08-07,PAGA
487,503,Pedro Santos,1979.6,2024-12-24,PAGA
488,845,Maria Souza,4633.04,2024-01-02,PENDENTE
489,564,Lucas Alves,4222.62,2024-01-21,PENDENTE
490,790,Carlos Lima,1428.19,2025-02-20,PENDENTE
491,197,Carlos Lima,4567.94,2024-08-09,PENDENTE
492,839,Carlos Lima,3625.12,2025-02-12,PAGA
493,232,Pedro Santos,1421.51,2024-11-25,VENCIDA
494,196,Maria Souza,1957.94,2024-10-14,PAGA
495,957,Pedro Santos,3213.26,2024-10-04,PAGA
496,780,Bruno Ribeiro,2563.14,2024-08-27,PAGA
497,931,Juliana Freitas,1230.76,2024-09-02,PENDENTE
498,404,Ana Costa,762.76,2024-07-28,PENDENTE
499,916,Carlos Lima,1589.84,2024-10-29,PAGA
500,177,Bruno Ribeiro,1961.47,2024-04-19,PAGA
501,152,Rafael Teixeira,1419.76,2024-08-04,PENDENTE
502,954,Juliana Freitas,2243.26,2024-03-03,PENDENTE
503,102,Maria Souza,2774.98,2025-03-13,VENCIDA
504,369,João Silva,3094.26,2024-12-03,PENDENTE
505,695,Bruno Ribeiro,1262.41,2024-03-05,PAGA
506,343,Maria Souza,4917.85,2025-05-08,VENCIDA
507,110,Juliana Freitas,1892.44,2024-03-31,PAGA
508,335,Pedro Santos,2219.81,2024-04-01,VENCIDA
509,258,Maria Souza,2597.18,2025-04-14,VENCIDA
510,712,Pedro Santos,4324.75,2024-12-29,PAGA
511,154,Juliana Freitas,2326.83,2024-02-09,PENDENTE
512,661,Rafael Teixeira,2882.55,2024-02-04,PAGA
513,271,Carlos Lima,4036.37,2025-04-17,PAGA
514,589,Lucas Alves,1796.18,2024-05-21,PAGA
515,270,Marina Rocha,3497.9,2025-05-10,PAGA
516,757,Marina Rocha,3503.37,2024-04-17,PENDENTE
517,911,Bruno Ribeiro,1486.0,2024-09-08,VENCIDA
518,585,Rafael Teixeira,4542.12,2024-02-15,VENCIDA
519,582,Maria Souza,1747.63,2024-12-18,PENDENTE
520,812,Ana Costa,2200.59,2025-05-12,PAGA
521,719,Pedro Santos,2937.88,2025-05-15,PAGA
522,956,Marina Rocha,2590.33,2024-03-04,PAGA
523,530,Bruno Ribeiro,3791.03,2024-07-05,PAGA
524,852,Rafael Teixeira,1541.63,2024-08-19,PAGA
525,883,Juliana Freitas,2912.54,2024-03-13,PENDENTE
526,169,Marina Rocha,2934.85,2024-05-09,PAGA
527,383,Maria Souza,1399.11,2024-05-11,VENCIDA
528,138,Bruno Ribeiro,1668.68,2025-03-30,PENDENTE
529,246,Maria Souza,1098.82,2024-03-11,PENDENTE
530,169,Bruno Ribeiro,4063.07,2024-06-08,PAGA
531,700,Maria Souza,2988.66,2024-07-27,PAGA
532,529,João Silva,4791.19,2024-05-10,PENDENTE
533,487,Ana Costa,2109.84,2024-03-15,PAGA
534,327,Rafael Teixeira,1527.9,2025-04-18,VENCIDA
535,659,João Silva,3189.44,2024-05-17,PENDENTE
536,537,Pedro Santos,4995.29,2024-03-22,PENDENTE
537,388,Lucas Alves,1133.6,2024-02-15,PENDENTE
538,519,Lucas Alves,1254.73,2024-02-26,PENDENTE
539,293,Lucas Alves,1746.03,2024-08-16,VENCIDA
540,118,Rafael Teixeira,4499.65,2024-04-12,VENCIDA
541,830,Rafael Teixeira,3238.7,2024-11-26,VENCIDA
542,570,Lucas Alves,4943.42,2024-06-15,PENDENTE
543,928,Ana Costa,904.88,2024-02-16,PENDENTE
544,633,Pedro Santos,4310.92,2024-08-24,PAGA
545,789,Ana Costa,2567.28,2025-05-02,PAGA
546,852,Ana Costa,4167.38,2024-08-21,PENDENTE
547,371,Lucas Alves,870.2,2024-05-09,PENDENTE
548,586,Ana Costa,976.13,2024-06-04,VENCIDA
549,475,João Silva,4430.1,2025-02-16,VENCIDA
550,387,Pedro Santos,4148.04,2024-10-05,PENDENTE
551,649,Pedro Santos,476.61,2025-04-17,PENDENTE
552,999,Pedro Santos,2819.02,2024-01-10,VENCIDA
553,879,Carlos Lima,2080.33,2024-06-12,VENCIDA
554,247,Carlos Lima,4205.54,2024-07-31,PAGA
555,627,Maria Souza,2743.57,2024-07-10,VENCIDA
556,156,Rafael Teixeira,2397.07,2024-10-22,VENCIDA
557,740,Marina Rocha,380.08,2025-03-17,PAGA
558,855,João Silva,936.81,2024-11-11,PAGA
559,685,Marina Rocha,4079.56,2025-03-24,VENCIDA
560,808,Lucas Alves,4907.39,2024-04-26,PENDENTE
561,464,Lucas Alves,1520.93,2024-05-17,VENCIDA
562,628,Rafael Teixeira,4384.49,2024-11-01,VENCIDA
563,845,Bruno Ribeiro,243.53,2024-09-25,PENDENTE
564,647,Pedro Santos,4261.16,2025-04-27,PAGA
565,972,Maria Souza,245.59,2024-01-07,PAGA
566,462,Maria Souza,819.5,2025-03-30,VENCIDA
567,871,Juliana Freitas,3536.83,2024-01-11,PAGA
568,254,Carlos Lima,2990.16,2024-02-10,VENCIDA
569,354,Maria Souza,521.23,2024-02-25,PAGA
570,137,Ana Costa,683.52,2024-07-06,PAGA
571,270,Pedro Santos,2404.9,2024-08-11,PAGA
572,275,Pedro Santos,2835.81,2024-08-17,PENDENTE
573,854,Carlos Lima,1781.65,2024-08-01,VENCIDA
574,220,Maria Souza,3521.27,2024-04-05,PAGA
575,236,Carlos Lima,4126.01,2024-02-09,PENDENTE
576,185,Pedro Santos,4729.24,2025-02-04,PAGA
577,420,Marina Rocha,3679.26,2024-02-27,PENDENTE
578,396,Bruno Ribeiro,2997.04,2024-03-09,PAGA
579,399,Carlos Lima,1928.15,2025-02-20,VENCIDA
580,279,Lucas Alves,3476.73,2024-12-09,PENDENTE
581,854,Pedro Santos,3299.69,2024-01-03,VENCIDA
582,906,Marina Rocha,2241.94,2024-09-24,PAGA
583,601,João Silva,4151.68,2024-07-18,PAGA
584,738,Juliana Freitas,4938.18,2024-02-21,PAGA
585,403,Juliana Freitas,4886.87,2025-03-18,PENDENTE
586,329,João Silva,894.75,2024-05-12,PAGA
587,305,Bruno Ribeiro,2400.01,2024-12-01,PAGA
588,848,Marina Rocha,1209.21,2024-06-15,VENCIDA
589,270,Lucas Alves,3369.37,2024-11-12,PENDENTE
590,567,João Silva,4014.04,2025-05-05,PENDENTE
591,144,Bruno Ribeiro,4486.64,2024-02-23,PENDENTE
592,468,Marina Rocha,1688.28,2024-05-12,PENDENTE
593,234,Pedro Santos,866.14,2024-12-15,PENDENTE
594,656,João Silva,1084.98,2024-08-07,VENCIDA
595,209,João Silva,3860.3,2025-02-27,PAGA
596,942,João Silva,1615.36,2024-01-09,VENCIDA
597,784,Bruno Ribeiro,1923.84,2024-05-16,PAGA
598,903,Juliana Freitas,3083.33,2025-02-28,VENCIDA
599,177,Marina Rocha,910.93,2024-07-14,PAGA
600,926,Pedro Santos,388.79,2024-08-21,PAGA
601,677,Ana Costa,2541.93,2024-05-31,PAGA
602,948,Juliana Freitas,4832.74,2024-09-11,PAGA
603,918,Marina Rocha,2533.66,2024-09-05,VENCIDA
604,885,Lucas Alves,3748.13,2024-11-16,VENCIDA
605,424,Bruno Ribeiro,3541.93,2024-03-06,VENCIDA
606,651,Marina Rocha,3763.49,2024-11-21,VENCIDA
607,734,Juliana Freitas,1618.91,2024-10-25,PENDENTE
608,351,Ana Costa,4382.31,2024-02-11,PENDENTE
609,447,Marina Rocha,126.84,2024-03-20,PAGA
610,608,Juliana Freitas,3784.84,2025-05-01,PENDENTE
611,282,Marina Rocha,150.77,2025-01-29,VENCIDA
612,783,Pedro Santos,3946.98,2024-07-28,PAGA
613,938,Carlos Lima,4059.19,2024-01-18,PAGA
614,268,Ana Costa,361.04,2025-04-22,VENCIDA
615,845,João Silva,3781.7,2024-10-26,PAGA
616,989,Marina Rocha,602.37,2024-11-24,PAGA
617,789,Ana Costa,4314.42,2024-05-04,PAGA
618,822,Bruno Ribeiro,2802.34,2024-03-16,VENCIDA
619,946,Bruno Ribeiro,215.44,2024-05-20,PENDENTE
620,230,João Silva,3849.64,2024-11-27,PAGA
621,897,Maria Souza,530.37,2024-07-21,PENDENTE
622,699,Marina Rocha,3619.2,2024-06-30,VENCIDA
623,994,João Silva,2235.56,2024-05-02,PAGA
624,270,Juliana Freitas,1053.98,2024-11-12,PAGA
625,726,Marina Rocha,2139.38,2025-02-25,PENDENTE
626,625,Rafael Teixeira,640.43,2024-06-22,VENCIDA
627,329,Carlos Lima,4989.49,2024-06-05,VENCIDA
628,939,Rafael Teixeira,3031.87,2025-05-13,PENDENTE
629,618,Rafael Teixeira,1808.05,2024-09-10,PENDENTE
630,178,Marina Rocha,1934.83,2025-04-05,PAGA
631,887,Bruno Ribeiro,4553.1,2024-06-30,VENCIDA
632,301,Lucas Alves,332.47,2024-10-29,PAGA
633,195,Lucas Alves,2484.33,2024-10-30,PENDENTE
634,836,Bruno Ribeiro,1459.64,2024-10-19,PAGA
635,790,Ana Costa,985.62,2024-12-23,VENCIDA
636,976,Ana Costa,2166.98,2025-05-12,PENDENTE
637,219,Marina Rocha,4376.59,2025-01-27,VENCIDA
638,939,Rafael Teixeira,735.32,2024-09-06,VENCIDA
639,630,Marina Rocha,1099.7,2024-03-14,VENCIDA
640,630,Marina Rocha,687.69,2025-02-26,VENCIDA
641,625,João Silva,2426.27,2024-01-11,PENDENTE
642,358,Maria Souza,472.22,2025-01-24,PENDENTE
643,569,Juliana Freitas,2452.06,2024-05-23,PAGA
644,744,Lucas Alves,2604.23,2024-08-11,PAGA
645,296,Pedro Santos,3135.01,2024-11-07,VENCIDA
646,694,Juliana Freitas,425.77,2024-05-22,PAGA
647,250,Carlos Lima,703.83,2024-04-22,PAGA
648,980,Pedro Santos,4704.1,2024-10-13,PENDENTE
649,656,Pedro Santos,2370.16,2024-07-15,PENDENTE
650,906,Carlos Lima,512.66,2024-12-17,PENDENTE
651,265,Carlos Lima,3277.89,2024-05-11,PENDENTE
652,744,Juliana Freitas,1356.64,2025-03-18,VENCIDA
653,424,Ana Costa,4444.39,2025-03-01,PAGA
654,620,Maria Souza,2872.07,2024-06-26,PAGA
655,781,Rafael Teixeira,1118.07,2025-03-01,PENDENTE
656,255,Rafael Teixeira,4167.57,2025-03-16,VENCIDA
657,457,Marina Rocha,4791.82,2024-07-22,PENDENTE
658,173,Marina Rocha,3856.22,2025-03-12,PAGA
659,813,Pedro Santos,3764.97,2024-09-26,VENCIDA
660,103,Maria Souza,3994.65,2024-01-23,PAGA
661,311,Rafael Teixeira,244.79,2025-03-26,PAGA
662,862,Pedro Santos,1344.39,2025-02-17,PENDENTE
663,664,Marina Rocha,2516.24,2025-01-29,PENDENTE
664,958,Lucas Alves,3959.44,2024-07-13,PENDENTE
665,414,Bruno Ribeiro,4290.4,2024-01-03,VENCIDA
666,704,João Silva,2175.03,2025-04-23,VENCIDA
667,198,Pedro Santos,4194.47,2024-09-28,VENCIDA
668,542,Maria Souza,4152.61,2024-01-31,VENCIDA
669,254,João Silva,4145.41,2025-04-11,PAGA
670,361,Ana Costa,2834.19,2024-07-12,PENDENTE
671,389,Rafael Teixeira,3231.91,2024-09-02,PENDENTE
672,639,Rafael Teixeira,1252.76,2024-12-29,VENCIDA
673,715,Juliana Freitas,1174.72,2025-01-25,VENCIDA
674,615,Pedro Santos,4577.22,2024-08-25,PAGA
675,581,Bruno Ribeiro,4957.01,2024-11-26,VENCIDA
676,319,Lucas Alves,1222.93,2024-09-04,PAGA
677,605,Maria Souza,4702.41,2024-08-23,VENCIDA
678,860,Juliana Freitas,1393.22,2024-08-14,VENCIDA
679,823,Maria Souza,4169.18,2024-07-25,PAGA
680,992,Carlos Lima,883.0,2024-12-07,VENCIDA
681,580,Ana Costa,1090.9,2024-02-16,PAGA
682,622,Pedro Santos,3259.29,2024-11-05,PAGA
683,578,Ana Costa,2416.26,2024-09-05,PENDENTE
684,959,Lucas Alves,4542.17,2025-04-30,PAGA
685,580,Carlos Lima,1081.14,2024-12-06,PAGA
686,244,Lucas Alves,3772.14,2024-08-05,PENDENTE
687,801,Maria Souza,4071.56,2024-05-02,PAGA
688,547,Marina Rocha,1448.84,2024-10-12,VENCIDA
689,382,Ana Costa,1435.05,2024-02-17,PAGA
690,189,Maria Souza,546.37,2025-01-02,PAGA
691,725,Rafael Teixeira,1544.23,2024-03-08,PENDENTE
692,951,João Silva,1145.81,2024-07-28,PENDENTE
693,895,Juliana Freitas,4161.91,2025-01-05,VENCIDA
694,492,Carlos Lima,973.4,2024-11-20,PENDENTE
695,347,Maria Souza,4859.67,2024-09-22,VENCIDA
696,527,Juliana Freitas,572.87,2024-01-09,PAGA
697,707,Juliana Freitas,3021.65,2024-09-20,PENDENTE
698,776,Maria Souza,4559.07,2024-06-01,PENDENTE
699,707,Lucas Alves,1119.97,2024-11-16,PAGA
700,591,João Silva,4871.55,2024-08-10,PENDENTE
701,816,Carlos Lima,3517.31,2025-02-03,VENCIDA
702,849,Maria Souza,2623.09,2024-03-06,VENCIDA
703,162,Maria Souza,3645.06,2025-04-19,PAGA
704,220,Pedro Santos,749.09,2025-02-20,PAGA
705,771,João Silva,3845.93,2024-09-18,PAGA
706,730,Lucas Alves,3712.04,2025-03-22,PAGA
707,258,Pedro Santos,725.94,2024-10-21,PENDENTE
708,918,Ana Costa,4025.77,2024-03-11,VENCIDA
709,763,Marina Rocha,3323.47,2024-06-02,VENCIDA
710,487,Bruno Ribeiro,1532.44,2024-08-17,VENCIDA
711,220,João Silva,997.22,2024-08-12,PENDENTE
712,572,Ana Costa,4578.07,2025-02-07,PENDENTE
713,200,Bruno Ribeiro,338.51,2024-05-24,VENCIDA
714,926,Lucas Alves,2599.87,2024-12-16,VENCIDA
715,364,Ana Costa,1390.02,2024-10-08,PAGA
716,274,Pedro Santos,4947.89,2024-09-03,PAGA
717,781,Rafael Teixeira,175.63,2025-04-12,PAGA
718,802,João Silva,1619.62,2024-11-18,VENCIDA
719,621,Carlos Lima,4791.57,2025-04-16,VENCIDA
720,882,Carlos Lima,697.79,2024-01-14,VENCIDA
721,432,Rafael Teixeira,1947.57,2024-07-27,PAGA
722,650,Marina Rocha,3194.19,2024-07-10,PAGA
723,780,Maria Souza,1631.66,2024-10-29,VENCIDA
724,409,Marina Rocha,1405.33,2024-07-31,VENCIDA
725,169,Marina Rocha,3220.92,2025-03-20,PAGA
726,654,Marina Rocha,3703.21,2024-10-25,VENCIDA
727,505,Lucas Alves,4647.67,2024-12-10,PENDENTE
728,546,Rafael Teixeira,4823.19,2024-10-18,PAGA
729,979,Lucas Alves,1214.28,2024-08-03,PENDENTE
730,750,Pedro Santos,3020.89,2024-07-25,VENCIDA
731,140,Rafael Teixeira,788.59,2025-02-07,PAGA
732,662,Maria Souza,4878.67,2024-06-17,VENCIDA
733,915,Juliana Freitas,2207.17,2024-05-28,VENCIDA
734,710,Ana Costa,897.57,2024-04-07,PENDENTE
735,725,Maria Souza,3492.31,2025-02-09,VENCIDA
736,192,Ana Costa,2024.77,2025-03-20,PAGA
737,489,Bruno Ribeiro,250.96,2025-03-20,VENCIDA
738,481,Marina Rocha,1700.0,2024-07-18,PAGA
739,925,Carlos Lima,2472.64,2024-01-05,PAGA
740,928,Rafael Teixeira,1634.77,2024-10-11,VENCIDA
741,182,Ana Costa,2340.13,2024-06-30,VENCIDA
742,630,João Silva,4317.96,2024-01-06,PAGA
743,738,Rafael Teixeira,1204.79,2024-09-14,PENDENTE
744,921,Rafael Teixeira,3195.69,2024-09-18,PAGA
745,414,Pedro Santos,3487.76,2024-06-26,PENDENTE
746,101,Lucas Alves,801.66,2024-09-17,PENDENTE
747,376,Juliana Freitas,2020.73,2024-11-24,VENCIDA
748,748,Ana Costa,4606.27,2025-04-06,VENCIDA
749,174,João Silva,1440.37,2024-12-04,VENCIDA
750,247,Rafael Teixeira,4579.17,2025-01-19,VENCIDA
751,387,Lucas Alves,993.72,2024-10-13,PAGA
752,330,Rafael Teixeira,3776.08,2025-01-27,VENCIDA
753,780,Ana Costa,3893.17,2025-05-13,VENCIDA
754,456,Pedro Santos,4124.32,2025-04-16,VENCIDA
755,372,Carlos Lima,875.05,2024-06-17,PAGA
756,329,João Silva,1053.79,2024-01-29,VENCIDA
757,804,João Silva,3582.79,2024-08-28,PENDENTE
758,715,Marina Rocha,4903.43,2025-05-15,VENCIDA
759,232,Lucas Alves,2757.91,2024-06-03,VENCIDA
760,850,Juliana Freitas,3370.59,2024-11-27,VENCIDA
761,350,Rafael Teixeira,2715.55,2024-07-18,PENDENTE
762,307,Ana Costa,489.79,2024-06-04,VENCIDA
763,692,Lucas Alves,2782.55,2024-11-24,VENCIDA
764,447,Juliana Freitas,1738.16,2024-05-29,VENCIDA
765,306,Bruno Ribeiro,707.35,2024-03-05,PAGA
766,187,João Silva,2329.96,2025-02-11,VENCIDA
767,394,Marina Rocha,1164.14,2024-02-08,PENDENTE
768,368,Lucas Alves,3553.04,2024-02-01,VENCIDA
769,877,Rafael Teixeira,2210.73,2024-07-28,PENDENTE
770,725,Bruno Ribeiro,533.63,2024-11-15,VENCIDA
771,921,Marina Rocha,1800.7,2024-06-21,VENCIDA
772,442,Ana Costa,182.82,2024-11-27,PENDENTE
773,106,Maria Souza,1309.57,2025-02-05,PAGA
774,154,Rafael Teixeira,4502.82,2025-04-07,VENCIDA
775,574,Rafael Teixeira,4939.43,2024-09-12,PAGA
776,835,Ana Costa,3479.85,2024-05-10,PENDENTE
777,207,Pedro Santos,2223.09,2024-11-21,VENCIDA
778,147,Ana Costa,623.87,2024-11-23,VENCIDA
779,142,Lucas Alves,521.62,2025-04-03,PAGA
780,523,Pedro Santos,1363.68,2024-04-05,PAGA
781,954,Carlos Lima,4921.42,2025-03-12,VENCIDA
782,177,Carlos Lima,2565.01,2024-04-20,PENDENTE
783,399,Carlos Lima,749.48,2025-02-28,PAGA
784,841,João Silva,1937.95,2024-06-21,PENDENTE
785,774,Maria Souza,3150.15,2025-01-29,VENCIDA
786,474,Pedro Santos,3999.8,2024-08-31,PENDENTE
787,982,Maria Souza,2949.55,2024-10-27,PENDENTE
788,852,Rafael Teixeira,3061.79,2024-09-11,PAGA
789,412,Lucas Alves,1978.43,2024-11-27,PENDENTE
790,715,Bruno Ribeiro,2384.19,2025-01-17,PENDENTE
791,107,Pedro Santos,1397.01,2024-08-10,PENDENTE
792,529,Carlos Lima,4716.09,2025-03-16,VENCIDA
793,363,Juliana Freitas,2802.37,2024-05-05,PAGA
794,188,Juliana Freitas,963.73,2025-04-05,VENCIDA
795,835,Juliana Freitas,1348.65,2025-02-03,PAGA
796,945,Lucas Alves,4650.94,2024-02-27,PENDENTE
797,809,Maria Souza,779.69,2024-03-28,PENDENTE
798,716,Rafael Teixeira,2495.47,2024-08-05,PAGA
799,635,Ana Costa,3991.59,2024-03-23,PAGA
800,150,João Silva,2674.58,2024-11-08,PENDENTE
801,240,Juliana Freitas,1867.02,2025-02-11,PENDENTE
802,300,Rafael Teixeira,2761.77,2025-03-29,PENDENTE
803,195,Ana Costa,2068.13,2024-12-22,PAGA
804,238,Bruno Ribeiro,3466.38,2024-01-08,VENCIDA
805,836,Juliana Freitas,4889.72,2024-09-25,PENDENTE
806,697,Marina Rocha,2897.95,2024-10-20,PENDENTE
807,930,Maria Souza,2443.87,2024-01-10,PAGA
808,111,Pedro Santos,958.45,2024-08-21,PAGA
809,975,Carlos Lima,1472.41,2024-03-28,PAGA
810,447,Maria Souza,3455.67,2024-07-12,PENDENTE
811,488,Juliana Freitas,3992.63,2024-04-13,PENDENTE
812,177,João Silva,2233.51,2024-06-18,VENCIDA
813,405,Bruno Ribeiro,3363.74,2024-07-25,VENCIDA
814,546,Marina Rocha,746.0,2024-07-09,PENDENTE
815,740,Carlos Lima,3422.84,2025-04-28,PENDENTE
816,954,João Silva,716.67,2024-08-01,PAGA
817,785,Pedro Santos,1685.38,2024-06-16,VENCIDA
818,439,Bruno Ribeiro,1147.37,2024-01-23,PENDENTE
819,382,Carlos Lima,4039.19,2024-11-02,VENCIDA
820,432,Bruno Ribeiro,2332.42,2024-01-22,PENDENTE
821,925,Bruno Ribeiro,2238.71,2024-12-31,PENDENTE
822,657,Rafael Teixeira,3857.84,2024-11-21,PENDENTE
823,304,Maria Souza,1161.62,2024-04-17,PAGA
824,263,Juliana Freitas,2575.91,2025-03-12,PENDENTE
825,299,Marina Rocha,1175.38,2024-03-14,PAGA
826,196,Marina Rocha,4953.18,2024-03-07,PAGA
827,733,Pedro Santos,2620.5,2024-05-12,VENCIDA
828,442,Ana Costa,4908.73,2024-08-02,VENCIDA
829,933,Juliana Freitas,779.84,2025-01-06,VENCIDA
830,497,Rafael Teixeira,2303.96,2024-05-30,PENDENTE
831,527,Rafael Teixeira,2631.26,2025-05-12,VENCIDA
832,823,Rafael Teixeira,1178.85,2025-02-10,PAGA
833,447,Lucas Alves,1028.31,2024-01-16,PENDENTE
834,218,Ana Costa,1920.6,2025-01-01,VENCIDA
835,907,Ana Costa,3262.5,2025-04-03,PENDENTE
836,836,Juliana Freitas,2955.67,2025-01-30,VENCIDA
837,568,Ana Costa,2834.42,2025-02-06,PAGA
838,668,Rafael Teixeira,1852.05,2025-04-07,PENDENTE
839,599,Rafael Teixeira,2207.71,2025-01-04,PAGA
840,273,Juliana Freitas,2659.01,2024-04-12,VENCIDA
841,471,Bruno Ribeiro,1412.03,2024-01-25,VENCIDA
842,299,Juliana Freitas,4866.64,2024-05-17,PENDENTE
843,836,Juliana Freitas,255.21,2025-04-01,VENCIDA
844,134,Pedro Santos,717.03,2024-10-21,VENCIDA
845,917,Pedro Santos,3862.94,2024-05-31,PAGA
846,436,Marina Rocha,1563.12,2024-04-10,PENDENTE
847,212,João Silva,3091.16,2025-03-18,PAGA
848,981,Bruno Ribeiro,689.74,2025-03-04,VENCIDA
849,134,Juliana Freitas,1693.83,2025-01-13,VENCIDA
850,830,Carlos Lima,1413.2,2024-08-17,PENDENTE
851,932,Carlos Lima,674.84,2024-08-30,VENCIDA
852,529,Juliana Freitas,1295.23,2024-12-07,PAGA
853,182,Maria Souza,4297.68,2025-01-09,VENCIDA
854,111,Marina Rocha,3557.17,2024-02-11,PENDENTE
855,639,Bruno Ribeiro,2966.11,2024-12-10,VENCIDA
856,504,Pedro Santos,1203.98,2025-04-18,PAGA
857,408,Juliana Freitas,3457.54,2025-04-09,VENCIDA
858,875,Juliana Freitas,3044.53,2024-12-19,PAGA
859,427,João Silva,178.34,2024-12-24,VENCIDA
860,898,Bruno Ribeiro,2048.14,2024-10-01,VENCIDA
861,589,Bruno Ribeiro,1359.26,2025-04-06,PAGA
862,153,Marina Rocha,4814.45,2024-07-21,VENCIDA
863,495,Pedro Santos,4680.52,2024-08-13,PAGA
864,650,Carlos Lima,3259.85,2024-09-25,VENCIDA
865,918,Ana Costa,1534.94,2024-05-11,VENCIDA
866,319,Marina Rocha,2944.64,2024-01-09,PENDENTE
867,150,Carlos Lima,2526.87,2025-05-14,PENDENTE
868,735,Lucas Alves,1319.18,2025-02-10,VENCIDA
869,996,Bruno Ribeiro,4598.24,2024-10-04,PENDENTE
870,851,Carlos Lima,789.62,2024-04-04,VENCIDA
871,852,Rafael Teixeira,4203.68,2024-03-10,PENDENTE
872,899,João Silva,3155.45,2024-03-10,VENCIDA
873,766,João Silva,2911.89,2024-12-23,PAGA
874,494,Lucas Alves,4956.25,2024-05-24,VENCIDA
875,670,Marina Rocha,3833.79,2025-04-10,PAGA
876,362,Pedro Santos,942.86,2024-01-10,VENCIDA
877,648,João Silva,3681.99,2024-11-17,VENCIDA
878,181,Bruno Ribeiro,1730.84,2024-10-28,PENDENTE
879,525,Ana Costa,1700.76,2025-04-22,PAGA
880,112,Rafael Teixeira,1476.25,2024-02-23,PAGA
881,983,Maria Souza,4428.46,2024-06-13,VENCIDA
882,344,Bruno Ribeiro,4422.98,2024-10-09,PENDENTE
883,129,Maria Souza,2454.81,2024-02-09,PENDENTE
884,549,Rafael Teixeira,4995.22,2024-01-28,PENDENTE
885,205,Ana Costa,4126.63,2024-10-20,VENCIDA
886,412,Marina Rocha,4988.81,2025-05-02,PENDENTE
887,506,Rafael Teixeira,3635.65,2025-03-31,VENCIDA
888,269,Marina Rocha,3001.13,2024-03-18,PAGA
889,510,Lucas Alves,1634.42,2024-01-26,PAGA
890,115,Juliana Freitas,2050.39,2025-04-05,PAGA
891,358,Lucas Alves,1801.42,2024-10-26,PENDENTE
892,433,Carlos Lima,4554.35,2024-06-28,PENDENTE
893,382,Juliana Freitas,3415.41,2024-12-16,PENDENTE
894,466,Rafael Teixeira,2326.89,2024-03-07,PENDENTE
895,411,Ana Costa,4275.67,2024-05-01,PAGA
896,123,Bruno Ribeiro,4711.36,2024-08-09,PAGA
897,478,Bruno Ribeiro,1015.25,2025-04-27,VENCIDA
898,678,Carlos Lima,2380.42,2024-07-15,VENCIDA
899,827,Pedro Santos,1821.76,2024-06-22,PENDENTE
900,101,Ana Costa,889.69,2024-07-11,PAGA
901,171,Juliana Freitas,728.84,2025-03-18,PENDENTE
902,615,Rafael Teixeira,2265.45,2024-07-03,PENDENTE
903,660,Marina Rocha,376.55,2025-01-06,VENCIDA
904,625,Pedro Santos,1344.4,2024-03-02,PAGA
905,757,Marina Rocha,3582.46,2025-04-04,VENCIDA
906,382,Marina Rocha,687.09,2025-04-18,PENDENTE
907,957,Carlos Lima,2389.25,2024-08-07,PENDENTE
908,134,Pedro Santos,1893.95,2024-07-07,PENDENTE
909,660,Rafael Teixeira,3203.74,2025-02-04,PENDENTE
910,836,Carlos Lima,3784.52,2024-05-19,VENCIDA
911,112,João Silva,524.74,2025-03-15,VENCIDA
912,118,Marina Rocha,192.32,2025-02-02,PENDENTE
913,873,Lucas Alves,624.83,2024-11-25,PENDENTE
914,792,Juliana Freitas,486.57,2025-01-07,PENDENTE
915,572,Lucas Alves,2960.58,2024-10-11,VENCIDA
916,529,Maria Souza,3731.63,2024-05-17,PAGA
917,405,Pedro Santos,1324.26,2025-05-03,PENDENTE
918,545,Carlos Lima,2383.18,2024-10-16,PENDENTE
919,820,Rafael Teixeira,2616.11,2024-03-02,PENDENTE
920,677,Carlos Lima,2700.78,2024-12-20,PAGA
921,674,Pedro Santos,942.27,2025-01-31,PENDENTE
922,420,Ana Costa,594.04,2024-09-01,PENDENTE
923,802,Rafael Teixeira,3011.82,2025-05-11,VENCIDA
924,465,Pedro Santos,3884.55,2025-04-15,PENDENTE
925,768,Maria Souza,1902.55,2024-08-27,VENCIDA
926,818,Pedro Santos,3711.26,2025-03-08,VENCIDA
927,925,Bruno Ribeiro,1531.92,2024-07-27,VENCIDA
928,299,Carlos Lima,897.45,2024-03-06,PAGA
929,317,Bruno Ribeiro,4103.44,2025-01-01,PAGA
930,225,João Silva,1426.01,2024-06-25,PAGA
931,645,Carlos Lima,2946.7,2025-02-14,PENDENTE
932,246,João Silva,467.23,2024-03-30,PENDENTE
933,570,Lucas Alves,3876.6,2025-03-07,PENDENTE
934,441,Pedro Santos,1474.49,2024-12-04,PENDENTE
935,311,Ana Costa,3059.32,2024-11-20,PENDENTE
936,563,Carlos Lima,1805.32,2024-10-18,VENCIDA
937,915,Juliana Freitas,4392.62,2024-11-30,VENCIDA
938,560,Marina Rocha,2190.2,2024-04-14,PAGA
939,395,Rafael Teixeira,499.59,2025-03-26,VENCIDA
940,422,Lucas Alves,1756.65,2024-08-10,VENCIDA
941,622,João Silva,956.07,2024-02-23,VENCIDA
942,191,João Silva,4520.56,2024-06-13,VENCIDA
943,834,Bruno Ribeiro,3654.08,2025-02-17,PAGA
944,161,Bruno Ribeiro,2611.75,2024-04-13,VENCIDA
945,545,Lucas Alves,722.9,2024-12-01,VENCIDA
946,430,Juliana Freitas,1224.4,2025-03-26,PENDENTE
947,631,João Silva,1611.25,2024-09-07,PENDENTE
948,735,Maria Souza,4918.43,2024-07-08,PENDENTE
949,973,Pedro Santos,4392.14,2024-03-15,PENDENTE
950,758,Ana Costa,1912.46,2024-02-23,VENCIDA
951,657,Bruno Ribeiro,363.3,2024-09-12,PENDENTE
952,115,Rafael Teixeira,4832.97,2024-09-09,PAGA
953,194,Carlos Lima,2512.92,2024-05-25,PENDENTE
954,958,Ana Costa,1427.27,2024-02-04,PENDENTE
955,633,Lucas Alves,1980.85,2025-01-12,PENDENTE
956,623,Bruno Ribeiro,2628.76,2024-10-23,VENCIDA
957,616,Ana Costa,4255.58,2024-04-30,VENCIDA
958,416,Lucas Alves,3988.17,2025-01-27,VENCIDA
959,630,Pedro Santos,4479.31,2024-06-04,PENDENTE
960,185,João Silva,2096.87,2025-03-15,PENDENTE
961,849,Juliana Freitas,641.57,2024-08-02,PAGA
962,519,Maria Souza,3325.41,2024-09-24,PENDENTE
963,802,Pedro Santos,1131.88,2025-02-14,PAGA
964,199,Ana Costa,4315.67,2024-12-24,PENDENTE
965,181,Maria Souza,615.1,2024-04-14,PAGA
966,912,Rafael Teixeira,2584.77,2024-08-13,PAGA
967,222,Bruno Ribeiro,3930.37,2024-10-11,VENCIDA
968,213,João Silva,2202.63,2025-05-06,VENCIDA
969,758,Marina Rocha,2014.1,2025-01-13,VENCIDA
970,652,Carlos Lima,3093.05,2025-05-06,PAGA
971,894,Rafael Teixeira,2297.07,2025-03-09,VENCIDA
972,522,Ana Costa,4380.41,2025-02-26,VENCIDA
973,445,Bruno Ribeiro,2436.53,2024-04-21,PENDENTE
974,818,Bruno Ribeiro,1819.15,2024-12-23,PENDENTE
975,552,Pedro Santos,1297.14,2024-07-21,VENCIDA
976,861,Lucas Alves,3839.68,2024-04-05,VENCIDA
977,599,Ana Costa,1248.75,2024-09-03,PENDENTE
978,774,Rafael Teixeira,1310.91,2025-03-18,VENCIDA
979,876,Lucas Alves,2998.06,2024-05-30,PENDENTE
980,146,Maria Souza,3317.8,2025-01-14,PENDENTE
981,278,Rafael Teixeira,4947.44,2024-01-09,VENCIDA
982,949,Lucas Alves,1153.91,2024-05-16,PAGA
983,528,Bruno Ribeiro,4848.63,2024-10-09,VENCIDA
984,360,Rafael Teixeira,4891.38,2024-10-08,PENDENTE
985,792,Pedro Santos,1056.19,2024-08-09,PAGA
986,885,João Silva,2641.21,2024-10-30,VENCIDA
987,445,Carlos Lima,4874.97,2024-04-22,VENCIDA
988,211,Juliana Freitas,1295.45,2024-05-13,VENCIDA
989,335,Maria Souza,1942.38,2024-12-24,PAGA
990,117,Lucas Alves,4326.38,2024-04-04,PENDENTE
991,279,Marina Rocha,1063.48,2024-02-15,PAGA
992,524,Pedro Santos,236.14,2025-03-02,PAGA
993,566,João Silva,1413.46,2024-02-09,PAGA
994,456,João Silva,3504.67,2025-02-13,VENCIDA
995,103,Bruno Ribeiro,196.17,2025-02-11,PENDENTE
996,342,Rafael Teixeira,1350.97,2024-05-31,PAGA
997,440,Maria Souza,1398.25,2024-09-07,PENDENTE
998,725,Maria Souza,3032.48,2025-04-24,PENDENTE
999,568,Ana Costa,3490.9,2024-10-14,VENCIDA
1000,394,Ana Costa,3406.75,2024-07-18,PENDENTE
